Trial       	Time        	PosX        	PosY        	PosZ        	VelX        	VelY        	VelZ        	Speed
1           	5.099       	0.002       	0.998       	2.302       	0.000       	0.000       	0.000       	0.000
1           	5.127       	0.001       	0.998       	2.302       	-0.019      	0.000       	-0.011      	0.022
1           	5.149       	0.001       	0.997       	2.302       	-0.001      	-0.013      	-0.001      	0.013
1           	5.171       	0.001       	0.997       	2.302       	0.003       	-0.010      	-0.008      	0.013
1           	5.194       	0.002       	0.997       	2.302       	0.007       	-0.006      	0.002       	0.010
1           	5.216       	0.001       	0.997       	2.302       	-0.007      	-0.012      	-0.001      	0.014
1           	5.238       	0.002       	0.997       	2.302       	0.018       	-0.007      	0.002       	0.020
1           	5.259       	0.002       	0.996       	2.302       	-0.001      	-0.014      	0.002       	0.014
1           	5.278       	0.002       	0.996       	2.302       	-0.011      	-0.039      	0.005       	0.041
1           	5.300       	0.001       	0.995       	2.302       	-0.027      	-0.025      	-0.003      	0.037
1           	5.323       	0.001       	0.995       	2.302       	0.009       	-0.001      	-0.008      	0.012
1           	5.346       	0.002       	0.995       	2.301       	0.017       	0.009       	-0.011      	0.022
1           	5.368       	0.001       	0.995       	2.302       	-0.008      	-0.003      	0.008       	0.012
1           	5.390       	0.002       	0.994       	2.302       	0.025       	-0.028      	0.042       	0.057
1           	5.413       	0.002       	0.993       	2.304       	0.004       	-0.049      	0.066       	0.082
1           	5.435       	0.003       	0.990       	2.308       	0.065       	-0.157      	0.204       	0.265
1           	5.458       	0.004       	0.984       	2.314       	0.038       	-0.246      	0.233       	0.342
1           	5.479       	0.004       	0.975       	2.323       	-0.012      	-0.435      	0.409       	0.597
1           	5.499       	0.003       	0.963       	2.333       	-0.046      	-0.582      	0.545       	0.799
1           	5.518       	0.002       	0.952       	2.344       	-0.032      	-0.573      	0.544       	0.791
1           	5.540       	0.003       	0.933       	2.362       	0.018       	-0.877      	0.807       	1.192
1           	5.562       	0.005       	0.913       	2.378       	0.108       	-0.915      	0.764       	1.197
1           	5.584       	0.008       	0.892       	2.394       	0.128       	-0.949      	0.720       	1.198
1           	5.607       	0.010       	0.870       	2.408       	0.074       	-0.966      	0.615       	1.148
1           	5.629       	0.010       	0.854       	2.417       	-0.008      	-0.736      	0.406       	0.840
1           	5.651       	0.008       	0.840       	2.425       	-0.057      	-0.620      	0.352       	0.715
1           	5.674       	0.008       	0.833       	2.431       	0.005       	-0.336      	0.260       	0.425
1           	5.696       	0.007       	0.830       	2.435       	-0.079      	-0.106      	0.204       	0.243
1           	5.716       	0.003       	0.828       	2.440       	-0.158      	-0.105      	0.243       	0.309
1           	5.737       	-0.001      	0.829       	2.445       	-0.194      	0.042       	0.225       	0.301
1           	5.759       	-0.001      	0.826       	2.451       	0.002       	-0.124      	0.273       	0.300
1           	5.781       	0.003       	0.823       	2.456       	0.181       	-0.162      	0.254       	0.352
1           	5.804       	0.006       	0.822       	2.461       	0.101       	-0.011      	0.189       	0.215
1           	5.826       	0.008       	0.828       	2.463       	0.087       	0.259       	0.102       	0.292
1           	5.848       	0.007       	0.836       	2.462       	-0.015      	0.350       	-0.027      	0.351
1           	5.871       	0.005       	0.838       	2.463       	-0.088      	0.109       	0.026       	0.142
1           	5.893       	0.005       	0.837       	2.465       	-0.025      	-0.079      	0.104       	0.132
1           	5.915       	0.005       	0.834       	2.468       	0.013       	-0.113      	0.110       	0.158
1           	5.938       	0.007       	0.829       	2.471       	0.078       	-0.209      	0.137       	0.262
1           	5.958       	0.008       	0.827       	2.473       	0.049       	-0.129      	0.125       	0.186
1           	5.978       	0.008       	0.825       	2.475       	0.014       	-0.080      	0.085       	0.117
1           	5.999       	0.008       	0.826       	2.477       	-0.002      	0.016       	0.087       	0.088
1           	6.022       	0.009       	0.826       	2.478       	0.020       	0.024       	0.052       	0.061
1           	6.044       	0.009       	0.827       	2.478       	0.008       	0.022       	0.006       	0.024
2           	9.930       	0.002       	0.999       	2.299       	0.000       	0.000       	0.000       	0.000
2           	9.953       	0.002       	0.999       	2.299       	0.019       	0.007       	0.021       	0.029
2           	9.972       	0.002       	1.000       	2.299       	-0.023      	0.008       	0.000       	0.024
2           	9.989       	0.002       	0.999       	2.299       	-0.007      	-0.010      	0.006       	0.014
2           	10.006      	0.002       	0.999       	2.299       	-0.007      	-0.012      	-0.012      	0.018
2           	10.025      	0.001       	0.999       	2.299       	-0.004      	-0.013      	0.001       	0.013
2           	10.046      	0.001       	0.999       	2.299       	-0.013      	-0.012      	0.001       	0.017
2           	10.066      	0.001       	0.998       	2.299       	-0.012      	-0.016      	0.001       	0.019
2           	10.086      	0.001       	0.998       	2.299       	-0.010      	-0.017      	-0.005      	0.020
2           	10.106      	0.001       	0.998       	2.299       	0.018       	0.001       	0.006       	0.019
2           	10.126      	0.002       	0.998       	2.299       	0.028       	0.023       	0.011       	0.038
2           	10.145      	0.002       	0.999       	2.300       	0.037       	0.010       	0.028       	0.047
2           	10.165      	0.003       	0.999       	2.300       	0.010       	-0.001      	0.011       	0.016
2           	10.183      	0.002       	0.999       	2.301       	-0.010      	-0.004      	0.031       	0.033
2           	10.201      	0.002       	1.000       	2.301       	-0.037      	0.053       	0.028       	0.070
2           	10.220      	0.001       	1.003       	2.303       	-0.015      	0.162       	0.079       	0.181
2           	10.239      	0.002       	1.008       	2.305       	0.018       	0.286       	0.139       	0.319
2           	10.260      	0.003       	1.019       	2.311       	0.046       	0.536       	0.259       	0.597
2           	10.280      	0.005       	1.035       	2.318       	0.132       	0.761       	0.359       	0.851
2           	10.300      	0.008       	1.051       	2.326       	0.143       	0.826       	0.393       	0.925
2           	10.321      	0.010       	1.068       	2.334       	0.060       	0.825       	0.416       	0.926
2           	10.341      	0.010       	1.085       	2.344       	0.013       	0.855       	0.489       	0.985
2           	10.361      	0.009       	1.103       	2.355       	-0.043      	0.875       	0.538       	1.028
2           	10.379      	0.008       	1.118       	2.366       	-0.041      	0.820       	0.602       	1.018
2           	10.397      	0.008       	1.131       	2.377       	-0.035      	0.702       	0.582       	0.913
2           	10.418      	0.007       	1.143       	2.389       	-0.025      	0.600       	0.633       	0.872
2           	10.438      	0.007       	1.153       	2.401       	-0.003      	0.503       	0.560       	0.752
2           	10.459      	0.006       	1.160       	2.409       	-0.052      	0.346       	0.417       	0.545
2           	10.479      	0.005       	1.167       	2.416       	-0.060      	0.363       	0.324       	0.490
2           	10.499      	0.003       	1.172       	2.422       	-0.097      	0.205       	0.314       	0.387
2           	10.519      	0.000       	1.175       	2.429       	-0.124      	0.187       	0.309       	0.382
2           	10.539      	-0.003      	1.176       	2.434       	-0.174      	0.035       	0.288       	0.338
2           	10.559      	-0.007      	1.176       	2.440       	-0.162      	0.014       	0.260       	0.307
2           	10.580      	-0.008      	1.177       	2.445       	-0.094      	0.013       	0.251       	0.268
2           	10.597      	-0.009      	1.179       	2.449       	-0.055      	0.114       	0.267       	0.295
2           	10.615      	-0.009      	1.180       	2.453       	-0.001      	0.105       	0.187       	0.214
2           	10.635      	-0.009      	1.183       	2.457       	0.020       	0.129       	0.240       	0.273
2           	10.654      	-0.009      	1.186       	2.462       	-0.011      	0.168       	0.254       	0.305
2           	10.674      	-0.009      	1.189       	2.467       	0.027       	0.138       	0.249       	0.286
2           	10.695      	-0.008      	1.192       	2.471       	0.018       	0.162       	0.182       	0.244
2           	10.715      	-0.008      	1.195       	2.474       	0.000       	0.144       	0.160       	0.215
2           	10.735      	-0.008      	1.197       	2.477       	0.022       	0.088       	0.155       	0.179
2           	10.755      	-0.009      	1.197       	2.480       	-0.052      	-0.005      	0.124       	0.134
2           	10.775      	-0.012      	1.197       	2.480       	-0.140      	0.017       	0.029       	0.144
2           	10.794      	-0.014      	1.199       	2.480       	-0.095      	0.067       	-0.001      	0.116
2           	10.812      	-0.013      	1.200       	2.480       	0.012       	0.084       	-0.007      	0.085
2           	10.828      	-0.013      	1.201       	2.481       	0.018       	0.034       	0.028       	0.048
3           	15.754      	0.001       	0.997       	2.303       	0.000       	0.000       	0.000       	0.000
3           	15.777      	0.002       	0.998       	2.303       	0.017       	0.021       	-0.023      	0.035
3           	15.796      	0.002       	0.998       	2.303       	-0.006      	0.010       	-0.018      	0.021
3           	15.815      	0.002       	0.998       	2.303       	-0.003      	-0.003      	0.015       	0.016
3           	15.831      	0.002       	0.998       	2.303       	0.000       	0.008       	0.014       	0.016
3           	15.848      	0.002       	0.998       	2.303       	0.009       	0.014       	-0.020      	0.026
3           	15.867      	0.002       	0.999       	2.303       	0.010       	0.012       	0.009       	0.017
3           	15.886      	0.002       	0.999       	2.302       	-0.009      	0.004       	-0.024      	0.026
3           	15.905      	0.002       	0.998       	2.303       	-0.016      	-0.009      	0.007       	0.020
3           	15.924      	0.002       	0.999       	2.302       	0.002       	0.015       	-0.013      	0.020
3           	15.944      	0.002       	0.999       	2.302       	0.010       	0.005       	0.009       	0.015
3           	15.963      	0.002       	0.999       	2.302       	-0.006      	0.001       	-0.024      	0.024
3           	15.982      	0.001       	0.999       	2.302       	-0.023      	-0.017      	0.013       	0.032
3           	16.001      	0.001       	0.998       	2.302       	0.001       	-0.006      	-0.013      	0.014
3           	16.021      	0.002       	0.999       	2.302       	0.056       	0.054       	0.003       	0.078
3           	16.038      	0.004       	1.002       	2.303       	0.124       	0.125       	0.027       	0.178
3           	16.054      	0.007       	1.005       	2.303       	0.154       	0.190       	0.030       	0.246
3           	16.074      	0.011       	1.010       	2.305       	0.186       	0.250       	0.106       	0.329
3           	16.093      	0.018       	1.018       	2.311       	0.374       	0.456       	0.284       	0.655
3           	16.113      	0.026       	1.027       	2.317       	0.428       	0.422       	0.332       	0.687
3           	16.134      	0.040       	1.038       	2.329       	0.656       	0.568       	0.568       	1.037
3           	16.154      	0.051       	1.048       	2.341       	0.536       	0.474       	0.572       	0.916
3           	16.174      	0.062       	1.057       	2.354       	0.542       	0.466       	0.650       	0.966
3           	16.195      	0.076       	1.069       	2.371       	0.725       	0.573       	0.823       	1.238
3           	16.216      	0.092       	1.082       	2.386       	0.740       	0.632       	0.737       	1.221
3           	16.237      	0.105       	1.093       	2.401       	0.593       	0.495       	0.671       	1.024
3           	16.255      	0.116       	1.103       	2.412       	0.615       	0.540       	0.658       	1.050
3           	16.274      	0.127       	1.111       	2.424       	0.570       	0.454       	0.637       	0.968
3           	16.295      	0.139       	1.122       	2.436       	0.574       	0.486       	0.572       	0.945
3           	16.317      	0.148       	1.131       	2.446       	0.441       	0.430       	0.456       	0.767
3           	16.339      	0.157       	1.141       	2.455       	0.412       	0.478       	0.392       	0.743
3           	16.361      	0.166       	1.153       	2.461       	0.377       	0.516       	0.260       	0.690
3           	16.382      	0.171       	1.163       	2.462       	0.271       	0.454       	0.060       	0.532
3           	16.405      	0.176       	1.170       	2.465       	0.221       	0.349       	0.135       	0.434
3           	16.427      	0.177       	1.176       	2.467       	0.027       	0.271       	0.100       	0.290
3           	16.449      	0.177       	1.182       	2.467       	-0.007      	0.251       	0.015       	0.252
3           	16.470      	0.177       	1.186       	2.469       	0.001       	0.209       	0.075       	0.222
3           	16.489      	0.178       	1.189       	2.471       	0.037       	0.158       	0.083       	0.182
3           	16.511      	0.178       	1.192       	2.474       	0.015       	0.106       	0.138       	0.174
3           	16.536      	0.179       	1.194       	2.477       	0.031       	0.096       	0.148       	0.179
3           	16.558      	0.179       	1.197       	2.481       	0.016       	0.128       	0.158       	0.204
3           	16.579      	0.179       	1.199       	2.484       	0.010       	0.108       	0.139       	0.176
3           	16.601      	0.179       	1.201       	2.487       	0.005       	0.089       	0.140       	0.166
3           	16.623      	0.178       	1.203       	2.490       	-0.035      	0.101       	0.142       	0.177
3           	16.644      	0.178       	1.205       	2.493       	-0.016      	0.096       	0.168       	0.194
3           	16.665      	0.177       	1.206       	2.498       	-0.043      	0.036       	0.196       	0.204
3           	16.687      	0.177       	1.206       	2.502       	-0.019      	-0.024      	0.202       	0.204
3           	16.705      	0.177       	1.205       	2.506       	0.030       	-0.061      	0.194       	0.206
3           	16.724      	0.180       	1.203       	2.508       	0.163       	-0.104      	0.119       	0.227
3           	16.745      	0.182       	1.202       	2.510       	0.059       	-0.043      	0.126       	0.145
3           	16.766      	0.181       	1.201       	2.510       	-0.048      	-0.045      	-0.017      	0.068
3           	16.787      	0.179       	1.200       	2.510       	-0.078      	-0.047      	-0.010      	0.092
3           	16.809      	0.180       	1.199       	2.509       	0.027       	-0.037      	-0.029      	0.054
3           	16.830      	0.181       	1.199       	2.510       	0.062       	-0.021      	0.021       	0.069
3           	16.851      	0.182       	1.199       	2.509       	0.072       	0.006       	-0.010      	0.073
3           	16.872      	0.183       	1.198       	2.510       	0.052       	-0.025      	0.020       	0.061
3           	16.893      	0.185       	1.197       	2.510       	0.055       	-0.049      	0.004       	0.074
3           	16.914      	0.185       	1.196       	2.510       	0.021       	-0.051      	0.009       	0.056
3           	16.932      	0.185       	1.195       	2.510       	-0.007      	-0.042      	0.005       	0.043
4           	20.381      	0.002       	0.998       	2.300       	0.000       	0.000       	0.000       	0.000
4           	20.404      	0.003       	0.999       	2.300       	0.015       	0.025       	-0.003      	0.029
4           	20.424      	0.003       	0.999       	2.300       	0.002       	0.014       	0.002       	0.015
4           	20.444      	0.003       	0.999       	2.300       	0.004       	0.000       	-0.007      	0.008
4           	20.465      	0.002       	0.999       	2.300       	-0.019      	-0.008      	0.005       	0.021
4           	20.486      	0.002       	0.999       	2.300       	-0.004      	-0.006      	-0.007      	0.010
4           	20.506      	0.002       	0.999       	2.300       	-0.004      	0.005       	-0.001      	0.006
4           	20.526      	0.002       	0.999       	2.300       	0.002       	-0.001      	0.000       	0.002
4           	20.548      	0.002       	0.998       	2.300       	-0.015      	-0.015      	0.003       	0.021
4           	20.567      	0.002       	0.998       	2.300       	-0.006      	-0.016      	-0.011      	0.020
4           	20.585      	0.002       	0.998       	2.300       	-0.009      	-0.009      	-0.003      	0.013
4           	20.602      	0.002       	0.998       	2.300       	0.017       	0.002       	-0.005      	0.018
4           	20.624      	0.002       	0.998       	2.300       	0.022       	0.007       	0.005       	0.024
4           	20.643      	0.003       	0.998       	2.300       	0.033       	-0.001      	0.014       	0.036
4           	20.663      	0.004       	0.998       	2.301       	0.062       	-0.012      	0.060       	0.087
4           	20.684      	0.006       	0.997       	2.303       	0.098       	-0.025      	0.080       	0.129
4           	20.704      	0.008       	0.997       	2.305       	0.100       	-0.024      	0.107       	0.149
4           	20.725      	0.014       	0.996       	2.312       	0.279       	-0.036      	0.333       	0.436
4           	20.746      	0.021       	0.995       	2.320       	0.322       	-0.046      	0.409       	0.523
4           	20.766      	0.030       	0.994       	2.331       	0.463       	-0.081      	0.549       	0.723
4           	20.786      	0.039       	0.991       	2.343       	0.448       	-0.107      	0.570       	0.732
4           	20.806      	0.050       	0.988       	2.357       	0.537       	-0.157      	0.699       	0.896
4           	20.827      	0.063       	0.986       	2.374       	0.621       	-0.128      	0.827       	1.042
4           	20.847      	0.076       	0.983       	2.389       	0.622       	-0.114      	0.742       	0.975
4           	20.868      	0.092       	0.981       	2.409       	0.806       	-0.122      	0.964       	1.263
4           	20.888      	0.107       	0.979       	2.426       	0.733       	-0.087      	0.806       	1.093
4           	20.909      	0.122       	0.976       	2.443       	0.708       	-0.122      	0.830       	1.098
4           	20.927      	0.136       	0.975       	2.457       	0.758       	-0.101      	0.759       	1.077
4           	20.945      	0.149       	0.973       	2.469       	0.719       	-0.085      	0.652       	0.974
4           	20.966      	0.161       	0.972       	2.480       	0.628       	-0.029      	0.548       	0.834
4           	20.987      	0.170       	0.973       	2.488       	0.392       	0.031       	0.372       	0.541
4           	21.007      	0.177       	0.974       	2.495       	0.363       	0.064       	0.354       	0.511
4           	21.027      	0.180       	0.978       	2.497       	0.133       	0.190       	0.124       	0.263
4           	21.048      	0.182       	0.981       	2.500       	0.123       	0.152       	0.111       	0.224
4           	21.069      	0.183       	0.983       	2.502       	0.057       	0.095       	0.119       	0.162
4           	21.089      	0.185       	0.985       	2.504       	0.097       	0.065       	0.082       	0.143
4           	21.110      	0.187       	0.986       	2.506       	0.085       	0.049       	0.109       	0.147
4           	21.128      	0.188       	0.985       	2.507       	0.040       	-0.024      	0.066       	0.081
4           	21.146      	0.187       	0.985       	2.508       	-0.074      	-0.009      	0.047       	0.088
4           	21.167      	0.186       	0.986       	2.509       	-0.034      	0.046       	0.058       	0.082
4           	21.188      	0.184       	0.989       	2.508       	-0.097      	0.119       	-0.039      	0.158
4           	21.208      	0.185       	0.990       	2.509       	0.046       	0.057       	0.016       	0.075
4           	21.227      	0.184       	0.991       	2.508       	-0.029      	0.037       	-0.024      	0.053
4           	21.249      	0.183       	0.991       	2.508       	-0.036      	0.004       	-0.019      	0.041
5           	24.002      	-0.002      	0.996       	2.299       	0.000       	0.000       	0.000       	0.000
5           	24.027      	-0.002      	0.996       	2.299       	0.007       	0.007       	0.002       	0.010
5           	24.046      	-0.001      	0.997       	2.299       	0.045       	0.034       	0.011       	0.057
5           	24.067      	0.000       	0.998       	2.299       	0.027       	0.025       	0.015       	0.040
6           	26.567      	-0.001      	1.001       	2.298       	0.000       	0.000       	0.000       	0.000
6           	26.591      	-0.001      	1.001       	2.298       	0.030       	0.011       	0.001       	0.032
6           	26.610      	0.000       	1.001       	2.298       	0.014       	-0.004      	0.000       	0.014
6           	26.630      	0.000       	1.001       	2.298       	-0.006      	-0.014      	0.000       	0.015
6           	26.648      	0.000       	1.001       	2.298       	-0.005      	-0.010      	0.015       	0.019
6           	26.668      	-0.001      	1.000       	2.298       	-0.007      	-0.019      	0.006       	0.021
6           	26.688      	-0.001      	1.000       	2.298       	-0.010      	-0.015      	0.005       	0.018
6           	26.707      	-0.001      	1.000       	2.298       	-0.002      	-0.011      	0.010       	0.015
6           	26.727      	-0.001      	1.000       	2.299       	-0.008      	-0.023      	0.003       	0.025
6           	26.747      	-0.001      	0.999       	2.299       	-0.003      	-0.017      	0.006       	0.018
6           	26.767      	-0.001      	0.999       	2.299       	-0.013      	-0.011      	0.000       	0.017
6           	26.787      	-0.002      	0.999       	2.299       	-0.010      	-0.010      	-0.005      	0.015
6           	26.807      	-0.002      	0.998       	2.298       	-0.025      	-0.026      	-0.029      	0.047
6           	26.827      	-0.002      	0.998       	2.298       	-0.006      	-0.011      	0.001       	0.012
6           	26.844      	-0.002      	0.998       	2.298       	-0.005      	-0.012      	-0.010      	0.016
6           	26.862      	-0.002      	0.998       	2.298       	0.010       	-0.009      	0.010       	0.017
6           	26.882      	-0.002      	0.998       	2.298       	0.019       	0.004       	-0.006      	0.020
6           	26.902      	-0.001      	0.998       	2.298       	0.015       	-0.002      	0.009       	0.018
6           	26.922      	-0.001      	0.998       	2.298       	0.016       	0.005       	0.009       	0.019
6           	26.941      	0.000       	0.998       	2.298       	0.028       	0.002       	0.011       	0.030
6           	26.962      	0.000       	0.998       	2.299       	0.031       	-0.010      	0.009       	0.034
6           	26.981      	0.001       	0.997       	2.299       	0.024       	-0.024      	0.023       	0.041
6           	27.001      	0.001       	0.997       	2.300       	0.032       	-0.025      	0.036       	0.054
6           	27.021      	0.002       	0.996       	2.300       	0.051       	-0.011      	0.028       	0.059
6           	27.041      	0.005       	0.997       	2.302       	0.154       	0.019       	0.103       	0.186
6           	27.059      	0.009       	0.997       	2.306       	0.191       	0.001       	0.175       	0.259
6           	27.076      	0.012       	0.997       	2.310       	0.192       	-0.012      	0.249       	0.315
6           	27.096      	0.017       	0.997       	2.316       	0.263       	0.013       	0.325       	0.418
6           	27.115      	0.025       	0.998       	2.324       	0.400       	0.065       	0.422       	0.585
6           	27.135      	0.035       	1.001       	2.335       	0.495       	0.138       	0.511       	0.725
6           	27.155      	0.044       	1.003       	2.345       	0.479       	0.127       	0.511       	0.712
6           	27.175      	0.056       	1.006       	2.358       	0.601       	0.116       	0.634       	0.881
6           	27.195      	0.071       	1.007       	2.374       	0.715       	0.078       	0.787       	1.066
6           	27.216      	0.085       	1.008       	2.389       	0.672       	0.015       	0.759       	1.014
6           	27.236      	0.098       	1.007       	2.405       	0.676       	-0.010      	0.790       	1.040
6           	27.256      	0.113       	1.007       	2.421       	0.704       	-0.008      	0.780       	1.051
6           	27.274      	0.125       	1.007       	2.433       	0.671       	-0.006      	0.681       	0.956
6           	27.293      	0.136       	1.008       	2.444       	0.611       	0.016       	0.570       	0.835
6           	27.313      	0.145       	1.007       	2.455       	0.458       	-0.020      	0.565       	0.727
6           	27.334      	0.150       	1.007       	2.464       	0.210       	-0.021      	0.450       	0.497
6           	27.355      	0.154       	1.008       	2.472       	0.209       	0.072       	0.346       	0.411
6           	27.375      	0.159       	1.011       	2.478       	0.241       	0.131       	0.299       	0.406
6           	27.396      	0.162       	1.012       	2.483       	0.163       	0.030       	0.265       	0.312
6           	27.417      	0.165       	1.010       	2.489       	0.140       	-0.083      	0.277       	0.321
6           	27.438      	0.168       	1.009       	2.493       	0.135       	-0.049      	0.212       	0.257
6           	27.459      	0.170       	1.010       	2.495       	0.069       	0.079       	0.085       	0.135
6           	27.481      	0.168       	1.013       	2.494       	-0.052      	0.126       	-0.048      	0.145
6           	27.499      	0.167       	1.014       	2.495       	-0.095      	0.051       	0.018       	0.110
6           	27.516      	0.165       	1.014       	2.495       	-0.111      	-0.030      	0.035       	0.120
6           	27.537      	0.163       	1.012       	2.496       	-0.092      	-0.087      	0.049       	0.136
6           	27.558      	0.162       	1.010       	2.496       	-0.056      	-0.075      	0.013       	0.095
6           	27.579      	0.160       	1.011       	2.495       	-0.059      	0.026       	-0.056      	0.086
6           	27.599      	0.161       	1.013       	2.493       	0.028       	0.126       	-0.112      	0.171
6           	27.622      	0.162       	1.015       	2.491       	0.026       	0.089       	-0.082      	0.124
6           	27.642      	0.162       	1.015       	2.490       	0.011       	-0.015      	-0.047      	0.050
6           	27.663      	0.161       	1.014       	2.490       	-0.044      	-0.026      	-0.018      	0.055
6           	27.684      	0.160       	1.014       	2.490       	-0.033      	-0.045      	0.003       	0.056
6           	27.702      	0.160       	1.012       	2.490       	-0.014      	-0.056      	0.028       	0.064
6           	27.719      	0.161       	1.012       	2.491       	0.035       	-0.048      	0.037       	0.069
6           	27.741      	0.162       	1.011       	2.491       	0.050       	-0.012      	0.014       	0.053
6           	27.761      	0.163       	1.012       	2.491       	0.052       	0.030       	0.003       	0.060
6           	27.782      	0.163       	1.013       	2.491       	0.006       	0.037       	-0.002      	0.038
7           	30.291      	0.002       	0.997       	2.301       	0.000       	0.000       	0.000       	0.000
7           	30.313      	0.002       	0.997       	2.302       	0.006       	-0.022      	0.009       	0.025
7           	30.329      	0.002       	0.996       	2.301       	-0.021      	-0.020      	-0.019      	0.035
7           	30.346      	0.002       	0.996       	2.301       	0.009       	-0.004      	-0.003      	0.010
7           	30.366      	0.002       	0.996       	2.301       	0.013       	-0.001      	-0.011      	0.018
7           	30.385      	0.003       	0.996       	2.301       	0.029       	0.002       	0.023       	0.037
7           	30.405      	0.003       	0.996       	2.301       	0.007       	0.008       	0.004       	0.012
7           	30.425      	0.003       	0.997       	2.302       	0.003       	0.010       	0.015       	0.018
7           	30.445      	0.003       	0.997       	2.302       	0.005       	0.018       	-0.009      	0.020
7           	30.464      	0.004       	0.997       	2.302       	0.020       	0.025       	0.004       	0.033
7           	30.483      	0.004       	0.998       	2.301       	-0.006      	0.014       	-0.009      	0.018
7           	30.503      	0.003       	0.998       	2.302       	-0.008      	0.003       	0.001       	0.009
7           	30.523      	0.003       	0.998       	2.301       	-0.007      	0.011       	-0.019      	0.023
7           	30.540      	0.004       	0.998       	2.301       	0.020       	0.023       	-0.002      	0.030
7           	30.557      	0.004       	0.999       	2.301       	0.017       	0.028       	-0.011      	0.035
7           	30.577      	0.004       	0.999       	2.301       	0.022       	0.022       	0.012       	0.033
7           	30.597      	0.005       	1.000       	2.301       	0.015       	0.027       	0.014       	0.034
7           	30.616      	0.005       	1.001       	2.302       	0.034       	0.045       	0.044       	0.071
7           	30.636      	0.006       	1.002       	2.304       	0.028       	0.071       	0.067       	0.101
7           	30.655      	0.006       	1.004       	2.306       	0.011       	0.106       	0.140       	0.175
7           	30.674      	0.006       	1.007       	2.310       	-0.010      	0.157       	0.196       	0.251
7           	30.694      	0.005       	1.011       	2.314       	-0.039      	0.175       	0.205       	0.272
7           	30.713      	0.004       	1.018       	2.322       	-0.042      	0.350       	0.412       	0.542
7           	30.733      	0.005       	1.026       	2.330       	0.012       	0.414       	0.417       	0.587
7           	30.750      	0.006       	1.034       	2.340       	0.087       	0.498       	0.580       	0.769
7           	30.767      	0.007       	1.043       	2.351       	0.073       	0.511       	0.614       	0.802
7           	30.787      	0.008       	1.053       	2.364       	0.039       	0.523       	0.666       	0.848
7           	30.807      	0.009       	1.065       	2.377       	0.026       	0.595       	0.655       	0.885
7           	30.827      	0.010       	1.077       	2.389       	0.057       	0.584       	0.612       	0.848
7           	30.847      	0.011       	1.090       	2.402       	0.048       	0.666       	0.624       	0.914
7           	30.867      	0.012       	1.101       	2.415       	0.073       	0.522       	0.671       	0.853
7           	30.887      	0.013       	1.110       	2.428       	0.060       	0.492       	0.630       	0.802
7           	30.907      	0.015       	1.120       	2.438       	0.096       	0.483       	0.534       	0.727
7           	30.926      	0.017       	1.131       	2.444       	0.097       	0.580       	0.306       	0.663
7           	30.944      	0.019       	1.140       	2.450       	0.087       	0.507       	0.346       	0.620
7           	30.960      	0.019       	1.147       	2.455       	0.046       	0.418       	0.274       	0.502
7           	30.980      	0.020       	1.154       	2.461       	0.009       	0.342       	0.320       	0.469
7           	30.999      	0.018       	1.158       	2.467       	-0.089      	0.238       	0.292       	0.387
7           	31.019      	0.016       	1.161       	2.473       	-0.071      	0.147       	0.298       	0.340
7           	31.038      	0.015       	1.164       	2.477       	-0.054      	0.138       	0.252       	0.292
7           	31.057      	0.015       	1.167       	2.481       	-0.004      	0.165       	0.185       	0.247
7           	31.077      	0.017       	1.170       	2.484       	0.072       	0.157       	0.159       	0.235
7           	31.097      	0.018       	1.173       	2.488       	0.053       	0.122       	0.193       	0.235
7           	31.116      	0.019       	1.174       	2.491       	0.049       	0.053       	0.154       	0.170
7           	31.135      	0.017       	1.174       	2.492       	-0.066      	0.045       	0.045       	0.092
7           	31.152      	0.016       	1.175       	2.492       	-0.117      	0.038       	-0.011      	0.123
7           	31.169      	0.013       	1.175       	2.491       	-0.164      	-0.012      	-0.054      	0.173
7           	31.188      	0.011       	1.175       	2.491       	-0.091      	-0.006      	0.015       	0.093
7           	31.207      	0.011       	1.175       	2.491       	-0.016      	-0.002      	0.008       	0.018
8           	34.657      	-0.002      	0.997       	2.300       	0.000       	0.000       	0.000       	0.000
8           	34.681      	-0.002      	0.996       	2.300       	-0.011      	-0.012      	0.000       	0.016
8           	34.700      	-0.002      	0.996       	2.300       	-0.003      	-0.001      	-0.004      	0.005
8           	34.720      	-0.002      	0.997       	2.300       	0.021       	0.016       	-0.002      	0.026
8           	34.739      	-0.001      	0.997       	2.300       	0.030       	0.015       	0.015       	0.037
8           	34.760      	-0.001      	0.997       	2.301       	0.023       	0.012       	0.007       	0.026
8           	34.780      	-0.001      	0.997       	2.301       	0.011       	0.002       	0.006       	0.013
8           	34.797      	-0.001      	0.997       	2.301       	0.006       	-0.001      	0.004       	0.008
8           	34.814      	0.000       	0.997       	2.301       	0.003       	0.001       	-0.003      	0.004
8           	34.834      	0.000       	0.998       	2.301       	0.019       	0.010       	0.008       	0.023
8           	34.854      	0.000       	0.997       	2.301       	0.008       	-0.015      	0.002       	0.017
8           	34.874      	0.000       	0.997       	2.301       	-0.001      	-0.022      	0.009       	0.023
8           	34.894      	0.000       	0.996       	2.301       	-0.014      	-0.025      	0.005       	0.029
8           	34.915      	-0.001      	0.996       	2.301       	-0.013      	-0.019      	0.008       	0.024
8           	34.934      	0.000       	0.996       	2.302       	0.004       	0.017       	0.011       	0.021
8           	34.954      	-0.001      	0.997       	2.303       	-0.012      	0.049       	0.073       	0.089
8           	34.974      	-0.002      	0.999       	2.306       	-0.063      	0.065       	0.127       	0.156
8           	34.993      	-0.005      	1.003       	2.311       	-0.155      	0.212       	0.272       	0.378
8           	35.012      	-0.007      	1.008       	2.316       	-0.094      	0.303       	0.286       	0.427
8           	35.029      	-0.009      	1.015       	2.321       	-0.111      	0.382       	0.310       	0.504
8           	35.049      	-0.011      	1.025       	2.330       	-0.109      	0.500       	0.431       	0.669
8           	35.069      	-0.013      	1.035       	2.340       	-0.122      	0.517       	0.492       	0.724
8           	35.090      	-0.017      	1.048       	2.353       	-0.190      	0.595       	0.625       	0.884
8           	35.110      	-0.020      	1.059       	2.367       	-0.143      	0.550       	0.692       	0.896
8           	35.130      	-0.022      	1.070       	2.381       	-0.079      	0.585       	0.695       	0.912
8           	35.150      	-0.022      	1.084       	2.396       	-0.024      	0.664       	0.738       	0.993
8           	35.170      	-0.022      	1.097       	2.409       	0.007       	0.646       	0.673       	0.933
8           	35.190      	-0.021      	1.109       	2.423       	0.072       	0.592       	0.704       	0.923
8           	35.208      	-0.019      	1.119       	2.434       	0.114       	0.595       	0.616       	0.865
8           	35.225      	-0.016      	1.129       	2.444       	0.124       	0.583       	0.560       	0.817
8           	35.244      	-0.014      	1.141       	2.452       	0.137       	0.628       	0.432       	0.775
8           	35.264      	-0.011      	1.152       	2.457       	0.118       	0.561       	0.265       	0.632
8           	35.283      	-0.010      	1.163       	2.463       	0.075       	0.540       	0.313       	0.628
8           	35.303      	-0.009      	1.171       	2.467       	0.055       	0.424       	0.195       	0.470
8           	35.322      	-0.008      	1.179       	2.471       	0.051       	0.423       	0.190       	0.467
8           	35.342      	-0.007      	1.185       	2.473       	0.051       	0.295       	0.097       	0.315
8           	35.361      	-0.006      	1.191       	2.476       	0.047       	0.295       	0.158       	0.338
8           	35.381      	-0.005      	1.195       	2.479       	0.039       	0.193       	0.175       	0.264
8           	35.401      	-0.005      	1.195       	2.483       	0.027       	0.025       	0.203       	0.207
8           	35.417      	-0.005      	1.196       	2.486       	-0.032      	0.031       	0.176       	0.182
8           	35.434      	-0.006      	1.197       	2.489       	-0.040      	0.069       	0.158       	0.177
8           	35.453      	-0.008      	1.195       	2.489       	-0.095      	-0.107      	0.026       	0.145
8           	35.472      	-0.009      	1.195       	2.490       	-0.051      	-0.002      	0.040       	0.065
8           	35.491      	-0.010      	1.194       	2.491       	-0.079      	-0.033      	0.024       	0.088
8           	35.511      	-0.011      	1.193       	2.491       	-0.063      	-0.032      	0.030       	0.077
8           	35.530      	-0.011      	1.194       	2.491       	0.019       	0.003       	-0.029      	0.035
9           	38.302      	0.000       	0.998       	2.299       	0.000       	0.000       	0.000       	0.000
9           	38.324      	0.001       	0.998       	2.299       	0.009       	-0.004      	-0.009      	0.013
9           	38.341      	0.001       	0.998       	2.299       	0.016       	0.016       	-0.004      	0.023
9           	38.363      	0.001       	0.998       	2.299       	0.006       	0.019       	-0.006      	0.021
9           	38.384      	0.001       	0.998       	2.299       	-0.012      	0.000       	0.002       	0.012
9           	38.405      	0.001       	0.998       	2.299       	0.003       	-0.010      	0.011       	0.015
9           	38.427      	0.001       	0.998       	2.299       	-0.007      	0.001       	0.009       	0.012
9           	38.448      	0.001       	0.998       	2.299       	-0.002      	0.008       	-0.003      	0.009
9           	38.468      	0.001       	0.999       	2.299       	0.000       	0.022       	-0.016      	0.027
9           	38.490      	0.001       	0.999       	2.298       	0.022       	0.022       	-0.018      	0.036
9           	38.510      	0.001       	0.999       	2.298       	0.006       	0.010       	-0.007      	0.014
9           	38.529      	0.001       	0.999       	2.298       	-0.016      	-0.013      	-0.005      	0.021
9           	38.548      	0.001       	0.999       	2.298       	-0.011      	-0.014      	0.000       	0.018
9           	38.569      	0.001       	0.999       	2.298       	0.012       	-0.003      	0.008       	0.014
9           	38.590      	0.001       	0.999       	2.298       	-0.014      	0.008       	0.007       	0.017
9           	38.611      	0.000       	0.999       	2.299       	-0.044      	0.012       	0.024       	0.052
9           	38.632      	-0.002      	1.000       	2.300       	-0.103      	0.044       	0.058       	0.126
9           	38.653      	-0.007      	1.003       	2.303       	-0.216      	0.139       	0.132       	0.289
9           	38.674      	-0.013      	1.008       	2.306       	-0.277      	0.202       	0.161       	0.379
9           	38.695      	-0.020      	1.013       	2.311       	-0.346      	0.242       	0.210       	0.472
9           	38.716      	-0.028      	1.018       	2.316       	-0.370      	0.269       	0.248       	0.520
9           	38.737      	-0.036      	1.026       	2.322       	-0.383      	0.383       	0.286       	0.613
9           	38.756      	-0.045      	1.034       	2.328       	-0.470      	0.413       	0.339       	0.711
9           	38.774      	-0.053      	1.041       	2.336       	-0.458      	0.405       	0.427       	0.746
9           	38.795      	-0.062      	1.049       	2.346       	-0.458      	0.378       	0.469       	0.756
9           	38.816      	-0.073      	1.056       	2.355       	-0.488      	0.351       	0.466       	0.761
9           	38.837      	-0.082      	1.064       	2.364       	-0.449      	0.345       	0.429       	0.711
9           	38.858      	-0.091      	1.072       	2.373       	-0.433      	0.396       	0.388       	0.703
9           	38.878      	-0.099      	1.081       	2.381       	-0.397      	0.410       	0.396       	0.695
9           	38.898      	-0.107      	1.087       	2.389       	-0.384      	0.336       	0.425       	0.664
9           	38.918      	-0.114      	1.093       	2.398       	-0.325      	0.273       	0.424       	0.600
9           	38.939      	-0.119      	1.099       	2.405       	-0.278      	0.297       	0.344       	0.533
9           	38.958      	-0.124      	1.106       	2.411       	-0.250      	0.380       	0.315       	0.554
9           	38.975      	-0.127      	1.113       	2.415       	-0.177      	0.373       	0.265       	0.490
9           	38.992      	-0.131      	1.118       	2.420       	-0.240      	0.342       	0.253       	0.488
9           	39.011      	-0.136      	1.125       	2.424       	-0.233      	0.346       	0.219       	0.471
9           	39.031      	-0.141      	1.132       	2.427       	-0.246      	0.369       	0.161       	0.471
9           	39.050      	-0.145      	1.140       	2.430       	-0.246      	0.405       	0.172       	0.504
9           	39.069      	-0.150      	1.148       	2.434       	-0.244      	0.399       	0.164       	0.495
9           	39.089      	-0.155      	1.155       	2.437       	-0.243      	0.380       	0.159       	0.478
9           	39.108      	-0.160      	1.162       	2.440       	-0.265      	0.348       	0.162       	0.467
9           	39.127      	-0.165      	1.167       	2.444       	-0.257      	0.255       	0.212       	0.420
9           	39.146      	-0.169      	1.171       	2.448       	-0.228      	0.259       	0.226       	0.413
9           	39.165      	-0.172      	1.177       	2.452       	-0.179      	0.276       	0.223       	0.398
9           	39.182      	-0.175      	1.181       	2.455       	-0.149      	0.254       	0.176       	0.343
9           	39.199      	-0.177      	1.186       	2.458       	-0.129      	0.285       	0.142       	0.344
9           	39.218      	-0.180      	1.190       	2.461       	-0.158      	0.221       	0.173       	0.323
9           	39.237      	-0.183      	1.194       	2.464       	-0.128      	0.188       	0.163       	0.280
9           	39.256      	-0.185      	1.197       	2.467       	-0.117      	0.156       	0.158       	0.250
9           	39.275      	-0.187      	1.199       	2.469       	-0.091      	0.122       	0.109       	0.187
9           	39.294      	-0.189      	1.201       	2.471       	-0.121      	0.122       	0.092       	0.195
9           	39.313      	-0.191      	1.203       	2.473       	-0.130      	0.108       	0.115       	0.205
9           	39.332      	-0.193      	1.203       	2.475       	-0.076      	-0.008      	0.108       	0.132
9           	39.351      	-0.194      	1.204       	2.478       	-0.042      	0.030       	0.153       	0.162
9           	39.367      	-0.194      	1.204       	2.480       	0.002       	0.027       	0.145       	0.147
9           	39.383      	-0.194      	1.205       	2.482       	-0.010      	0.056       	0.103       	0.117
9           	39.402      	-0.193      	1.207       	2.483       	0.010       	0.081       	0.063       	0.103
9           	39.421      	-0.193      	1.207       	2.484       	0.011       	0.035       	0.037       	0.052
9           	39.439      	-0.193      	1.208       	2.485       	0.030       	0.034       	0.062       	0.076
9           	39.458      	-0.192      	1.207       	2.486       	0.014       	-0.023      	0.037       	0.046
10          	42.439      	-0.003      	0.998       	2.300       	0.000       	0.000       	0.000       	0.000
10          	42.464      	-0.003      	0.998       	2.300       	-0.009      	-0.022      	0.002       	0.023
10          	42.483      	-0.003      	0.997       	2.300       	0.006       	-0.015      	0.015       	0.022
10          	42.502      	-0.003      	0.997       	2.300       	-0.007      	-0.014      	-0.006      	0.017
10          	42.523      	-0.003      	0.997       	2.300       	0.009       	-0.015      	0.015       	0.023
10          	42.546      	-0.003      	0.997       	2.300       	-0.003      	-0.009      	-0.001      	0.010
10          	42.566      	-0.003      	0.996       	2.301       	0.011       	-0.002      	0.015       	0.018
10          	42.588      	-0.003      	0.996       	2.301       	-0.003      	-0.003      	0.003       	0.005
10          	42.611      	-0.002      	0.996       	2.301       	0.021       	-0.002      	0.007       	0.022
10          	42.633      	-0.002      	0.997       	2.301       	0.007       	0.016       	-0.006      	0.018
10          	42.656      	-0.002      	0.997       	2.301       	0.011       	0.001       	0.012       	0.017
10          	42.677      	-0.002      	0.997       	2.301       	-0.010      	-0.005      	0.002       	0.012
10          	42.699      	-0.002      	0.997       	2.302       	0.010       	0.012       	0.032       	0.035
10          	42.718      	-0.001      	0.998       	2.303       	0.026       	0.051       	0.046       	0.074
10          	42.738      	-0.001      	1.000       	2.304       	0.015       	0.107       	0.073       	0.130
10          	42.760      	-0.002      	1.004       	2.308       	-0.041      	0.185       	0.164       	0.250
10          	42.782      	-0.004      	1.010       	2.313       	-0.079      	0.262       	0.224       	0.354
10          	42.804      	-0.005      	1.019       	2.321       	-0.056      	0.424       	0.374       	0.568
10          	42.827      	-0.006      	1.032       	2.331       	-0.026      	0.548       	0.432       	0.698
10          	42.849      	-0.005      	1.048       	2.343       	0.048       	0.757       	0.573       	0.951
10          	42.871      	-0.005      	1.066       	2.356       	-0.001      	0.772       	0.583       	0.968
10          	42.893      	-0.003      	1.083       	2.371       	0.052       	0.762       	0.657       	1.008
10          	42.916      	-0.003      	1.098       	2.388       	0.019       	0.701       	0.759       	1.034
10          	42.937      	-0.002      	1.111       	2.405       	0.044       	0.585       	0.796       	0.989
10          	42.957      	-0.002      	1.121       	2.419       	0.008       	0.513       	0.709       	0.876
10          	42.977      	-0.001      	1.130       	2.433       	0.054       	0.455       	0.725       	0.857
10          	42.999      	0.001       	1.141       	2.447       	0.063       	0.469       	0.598       	0.763
10          	43.021      	0.002       	1.153       	2.456       	0.050       	0.562       	0.419       	0.703
10          	43.044      	0.003       	1.165       	2.461       	0.056       	0.566       	0.209       	0.605
10          	43.065      	0.002       	1.176       	2.464       	-0.060      	0.485       	0.132       	0.506
10          	43.087      	0.001       	1.185       	2.469       	-0.013      	0.404       	0.237       	0.468
10          	43.110      	0.002       	1.192       	2.472       	0.018       	0.291       	0.139       	0.323
10          	43.132      	0.003       	1.196       	2.476       	0.052       	0.215       	0.206       	0.302
10          	43.154      	0.004       	1.200       	2.482       	0.038       	0.154       	0.253       	0.298
10          	43.177      	0.004       	1.200       	2.486       	-0.009      	0.013       	0.190       	0.191
10          	43.196      	0.003       	1.202       	2.489       	-0.005      	0.113       	0.115       	0.161
10          	43.215      	0.003       	1.205       	2.487       	-0.024      	0.125       	-0.114      	0.171
10          	43.237      	0.003       	1.207       	2.485       	-0.004      	0.124       	-0.054      	0.136
10          	43.259      	0.003       	1.208       	2.484       	0.013       	0.034       	-0.079      	0.087
10          	43.281      	0.002       	1.208       	2.481       	-0.065      	-0.013      	-0.107      	0.126
10          	43.302      	0.002       	1.207       	2.479       	-0.008      	-0.038      	-0.085      	0.093
10          	43.326      	0.001       	1.206       	2.479       	-0.027      	-0.046      	0.004       	0.054
10          	43.348      	0.000       	1.203       	2.480       	-0.036      	-0.128      	0.032       	0.136
10          	43.370      	-0.002      	1.200       	2.482       	-0.112      	-0.125      	0.065       	0.180
10          	43.393      	-0.004      	1.198       	2.482       	-0.084      	-0.101      	0.012       	0.132
10          	43.413      	-0.005      	1.198       	2.481       	-0.045      	-0.003      	-0.025      	0.052
10          	43.433      	-0.005      	1.199       	2.480       	0.011       	0.038       	-0.047      	0.062
10          	43.455      	-0.005      	1.200       	2.480       	-0.009      	0.052       	-0.038      	0.066
10          	43.477      	-0.005      	1.201       	2.479       	-0.013      	0.041       	-0.049      	0.065
10          	43.499      	-0.006      	1.201       	2.477       	-0.014      	0.005       	-0.062      	0.063
10          	43.521      	-0.007      	1.201       	2.476       	-0.043      	-0.007      	-0.048      	0.065
10          	43.543      	-0.008      	1.199       	2.475       	-0.063      	-0.047      	-0.040      	0.089
10          	43.566      	-0.009      	1.198       	2.475       	-0.045      	-0.060      	-0.001      	0.075
10          	43.588      	-0.009      	1.197       	2.476       	0.016       	-0.052      	0.019       	0.058
10          	43.611      	-0.008      	1.198       	2.476       	0.041       	0.028       	0.004       	0.050
